"NAME","X","Y","cell_type"
"TYPE","numeric","numeric","group"
"AAACGCTAGTTCACTG","1913.9387383643","-1840.30218130308","CA1"
"AAAGAACGTACAGTCT","1469.61959116582","-2660.32004886095","Thal"
"AAAGAACTCTAGTGAC","1797.41295853416","-1217.61013651391","Astro"
"AAAGGATCACTTGAAC","2016.13305556289","-2513.68899082169","DG"
"AAAGGTACAAGTCGTT","956.2964014736","-1690.43091210376","Endo"
"AAAGGTAGTGGGATTG","474.487123297147","-2222.90344384761","Oligo"
"AAAGGTAGTGTCATGT","1544.97319286271","-2260.00810319563","DG"
"AAAGTGAGTGCTTATG","1464.19553072446","-2186.74404096878","Astro"
"AAATGGAAGGTCGTGA","1702.2129581618","-2829.31849256523","Oligo"
"AAATGGAGTCTTACTT","1791.57508196752","-1622.21551238292","Endo"
"AAATGGATCCGGCTTT","1322.20962882272","-1244.16304647973","Cortex"
"AACAACCGTCGTGTTA","1401.20488591476","-2725.04332204997","Thal"
"AACAACCGTCTTGAAC","1553.95232200888","-2260.05123408383","DG"
"AACAAGACATCCCGTT","1290.85819699696","-2138.07396377117","DG"
"AACAGGGGTGTATTCG","696.155429907855","-2567.07725856626","CA3"
"AACAGGGTCATGAGAA","2158.30238907347","-2434.3443327096","DG"
"AACCATGAGTAGACCG","1280.90856306102","-1512.55860567722","CA1"
"AACCATGCAGCACGAA","489.511758201056","-2219.47307620644","Inhib"
"AACCCAAGTTTAGTCG","2049.10449275009","-1725.21657913537","Oligo"
"AACCTTTTCGATGCAT","1268.84748429725","-2365.38395149616","DG"
"AACGTCATCTCGAGTA","759.205652342308","-1997.2562092402","Inhib"
"AACTTCTAGCCTGAGA","434.088715539007","-1754.56226517841","CA1"
"AACTTCTCACAGTCAT","2044.52538510566","-2534.21833330197","Oligo"
"AACTTCTCACTTGACA","1389.37801799479","-2404.04832590092","DG"
"AAGAACACAGCACACC","1104.32978733552","-2116.06955791384","DG"
"AAGAACATCATGGAGG","1702.13458763877","-2622.08689521205","CA1"
"AAGACAAAGGCAGTCA","1957.70570783656","-2127.19725892342","Oligo"
"AAGACTCAGGTGCAGT","1139.56728976165","-2112.49586617742","DG"
"AAGATAGTCGAGATGG","1172.67881956665","-2467.77315277894","DG"
"AAGCATCAGGACTATA","1046.48910278646","-2147.92350756267","DG"
"AAGCATCGTAAGAACT","1653.92179095437","-2278.42404861747","DG"
"AAGCGAGGTGTCACAT","899.227203451213","-2511.75027008863","CA3"
"AAGCGTTCAATACGAA","1905.51227013015","-2412.3179670466","DG"
"AAGGAATCAGCTGTTA","659.221076593412","-1368.10096733171","Astro"
"AAGTACCCAACTCATG","1329.32879492074","-2378.60718580934","DG"
"AAGTCGTGTGTCCGTG","1014.93306616226","-1550.61262889527","CA1"
"AAGTTCGTCCTGGGAC","815.818660173281","-2276.83033469484","DG"
"AATAGAGAGTCACTCA","836.296592663527","-2311.96027769835","DG"
"AATCGTGTCGTTAGTG","1127.59933356448","-2454.86002268724","DG"
"AATGAAGCACGGTGCT","661.990685053307","-1372.58555002293","Cortex"
"AATGAAGTCCGGCAGT","1840.9627248466","-1774.77459416353","Micro"
"AATGGAACACGGTGAA","1681.12072628024","-2412.24884325601","DG"
"AATGGCTAGCAGGCTA","1087.29975911234","-1521.27105369123","CA1"
"AATGGCTAGTGTAGAT","1805.36519972589","-1420.31224707772","Oligo"
"ACAACCAAGGTGATAT","1086.01246339655","-2355.92075851897","CA3"
"ACAACCAGTGCGCTCA","918.390520399332","-2477.15368778737","CA3"
"ACAACCATCCTAGCCT","833.82135232467","-1572.63075525848","CA1"
"ACAACCATCTAGACAC","1313.4787971372","-1515.41738094103","CA1"
"ACAAGCTCATTCAGCA","1528.8092828597","-2671.61387799223","DG"
"ACAAGCTGTTGTATGC","1444.1230503872","-1154.89012447641","Oligo"
"ACACAGTTCGGTAAGG","2034.978669136","-1747.52081709973","Astro"
"ACACGCGCAAGTGCAG","1250.53113594875","-2100.2422395334","DG"
"ACAGCCGGTGTATCCA","660.730781059025","-1929.9954042861","Inhib"
"ACAGGGAAGAATCGAT","1320.15915846501","-2144.35050467847","DG"
"ACATCCCGTAACTGCT","902.181734285375","-2555.96814385722","Inhib"
"ACATGCACATTGCAAC","1991.19558720915","-2409.77566804504","DG"
"ACATGCAGTGACGTCC","1900.60983686961","-2152.66638638491","Inhib"
"ACATTTCAGCTCGGCT","1751.81559441014","-1732.85096155407","CA1"
"ACCAAACAGCTGACTT","1609.00851945974","-2378.35876963812","DG"
"ACCAAACCACTGCGTG","1075.14390104666","-1536.8545445376","CA1"
"ACCAAACCAGGATGAC","2097.92480237437","-1944.52227946943","CA1"
"ACCATTTAGCGATGGT","1308.20595744184","-1499.79557998925","CA1"
"ACCATTTCAGAGTTCT","1569.4839648934","-2271.02432414639","DG"
"ACCGTTCAGTTCTCTT","1765.40840576666","-2307.51227724962","DG"
"ACCGTTCTCGCCGAGT","1321.78796319042","-2157.38684577623","DG"
"ACCTGAACAAGATGGC","1343.38445265269","-2705.42462050755","Thal"
"ACGGGTCAGAAGAACG","367.738080059876","-1792.04257439478","CA1"
"ACGGTCGGTTGCATTG","1093.91240237437","-1984.86120966977","Endo"
"ACGGTTAAGCTGCGAA","934.98476955914","-2725.65012687987","Thal"
"ACGTAACTCCATTTCA","1637.13917141298","-1964.28762625101","Oligo"
"ACGTACAGTTGGTAGG","1397.26911034055","-2309.44503271321","CA3"
"ACGTCCTAGGTCCGAA","1735.02546746151","-2386.52896366909","Inhib"
"ACGTCCTGTTCGAACT","710.268124348674","-2343.81494462253","DG"
"ACGTCCTTCATTGCTT","1749.89346716591","-1727.58782709241","CA1"
"ACTACGAGTAGAGACC","827.215438039358","-2548.40891473585","CA3"
"ACTATCTAGGAAAGAC","1638.82644499291","-2267.57931783169","DG"
"ACTATCTGTCCCTCAT","1224.76750776306","-2442.29463518368","DG"
"ACTATGGTCGATTGGT","903.521810124089","-2375.52623347971","CA3"
"ACTATTCTCTACTGCC","554.560444502684","-2663.78687987664","Endo"
"ACTCTCGCATCCTTGC","1751.32961300702","-1922.19567727277","Endo"
"ACTGCAACATCCGGTG","1631.52195043101","-2117.71038900342","Oligo"
"ACTGTCCGTCACATTG","1585.01466509521","-2287.59099497751","DG"
"ACTGTGAAGGGCCAAT","1195.50502174867","-1192.60037844235","Cortex"
"AGAAATGCAGAGTTCT","439.576194198288","-1806.6404201693","CA1"
"AGAACAACACCGCTAG","1786.78496979158","-1519.29834295123","Oligo"
"AGACAAAAGATAGCAT","1704.00114024701","-2496.82300456693","Astro"
"AGACAAACATAGCTGT","473.018649350646","-1734.65124729125","CA1"
"AGACACTTCCATAGAC","2253.73055355992","-2023.85347126022","CA1"
"AGACACTTCTTACTGT","1523.15830916184","-2397.11382436627","DG"
"AGACCATGTTCTCCCA","1193.22334808499","-1768.58371385446","Astro"
"AGACCCGAGTGACCTT","1822.0079007339","-1755.6113110031","CA1"
"AGACCCGTCCCTATTA","1773.03712463621","-2318.49467273497","DG"
"AGACTCAAGGTATTGA","2078.0874828409","-2196.47378214809","Astro"
"AGACTCATCTAGATCG","796.186506768101","-2266.38169151893","DG"
"AGAGAGCTCAGAGCGA","1091.28351625609","-2605.65896835025","Thal"
"AGAGAGCTCGACTCCT","1176.48810858063","-2116.01058016026","DG"
"AGAGCCCTCGCCCAGA","1003.27603885244","-2786.48057364816","Thal"
"AGATAGACACCATAAC","1103.27323361958","-2168.45085097357","DG"
"AGATAGAGTCGACTTA","2169.94075402882","-1913.01595694187","Endo"
"AGATAGATCAGTGTTG","1412.12190657239","-2668.40265917106","Thal"
"AGATCCACAGCGGTTC","1925.02151236499","-2639.78902944055","Astro"
"AGATCCAGTTAGTCGT","1505.12010077325","-2412.56685512178","DG"
"AGATGAACACAATCTG","935.210342141904","-2697.74570510203","Micro"
"AGATGAACAGGAATAT","936.997440558446","-2292.82012369122","DG"
"AGCATCAAGTGCCTCG","1427.78874554886","-2377.8343688295","DG"
"AGCATCACAACCCGCA","1466.88272738825","-2367.14252821975","DG"
"AGCATCAGTATAGCTC","2093.60125917193","-2479.33022516803","DG"
"AGCCACGAGTATAGAC","2071.51993756296","-2730.04951941278","Inhib"
"AGCCACGGTCGTGATT","1177.86786770569","-1311.08601490095","Oligo"
"AGCGATTGTATTTCGG","2031.30639081534","-2419.84304285538","DG"
"AGCGCCAAGGATATGT","1346.49934703926","-2372.1488447871","DG"
"AGCGTATGTCGTTTCC","2180.00759066838","-2417.31667286812","DG"
"AGCTACACAATTGCCA","1241.55375729711","-2159.47606671271","DG"
"AGCTACATCGCCAATA","906.279276980905","-2797.71071285073","Inhib"
"AGCTCAAGTGTGTGGA","700.661607938725","-1622.2328253657","CA1"
"AGCTTCCCACCTGATA","1890.4774239266","-2875.64393921938","Oligo"
"AGCTTCCGTGAATATG","1194.52841971372","-2123.68603993491","DG"
"AGGAATAGTGGCACTC","1448.17735223679","-2137.69471461085","Endo"
"AGGAATATCTCCCATG","1089.51757307459","-2343.56457464082","CA3"
"AGGACGAGTTCCTACC","719.20549493824","-2878.69886025229","Thal"
"AGGACTTGTGTTGATC","2019.81778515069","-2445.45359625008","DG"
"AGGAGGTAGTAGTCAA","1314.99110631476","-2217.77797357966","CA3"
"AGGATAACAATTGCTG","1425.46251352538","-2839.71998383647","Thal"
"AGGATAACACAGAGAC","839.617425935382","-1700.33299948699","Astro"
"AGGATAAGTATGGTAA","1676.1111835264","-2262.71856230019","DG"
"AGGCTGCAGAGGCCAT","973.053423824058","-2266.47572678769","DG"
"AGGCTGCAGCGTGCCT","2314.34804718125","-1993.87766401209","CA1"
"AGGCTGCTCTTTCAGT","2109.98551640882","-2507.94171004675","DG"
"AGGGTCCCAGACGATG","1440.47291146081","-2393.65910231751","DG"
"AGGGTGAGTCTACGAT","950.820869881972","-2312.45570102553","Astro"
"AGGGTTTGTTGTTGAC","1484.88701706206","-1364.80485518234","Oligo"
"AGGGTTTTCACCATCC","1134.20413675145","-2362.787501078","Inhib"
"AGGTCATCATGCCATA","408.835492070937","-1814.59125393509","CA1"
"AGGTCATGTGCGGCTT","391.402582005726","-1685.28658726904","Oligo"
"AGGTTACCAAGACGGT","1345.55254201467","-1270.98156030168","Cortex"
"AGGTTACGTCTGATAC","1056.29133485385","-2363.16376119448","Oligo"
"AGTACCAAGGCGTTAG","664.000380574278","-1869.25920874075","Micro"
"AGTACCACAACCGACC","1451.24739845154","-2906.32342534066","Oligo"
"AGTACCAGTTCGGTTA","1555.99324112063","-2231.95677182296","DG"
"AGTACCATCAAGTGGG","1074.74862643087","-1569.58350556437","Endo"
"AGTACCATCGAGTACT","1987.64101305805","-2421.28967649929","DG"
"AGTACTGAGGGACAGG","610.12365822243","-2130.92329790299","Oligo"
"AGTAGTCCACTCCGGA","995.711982531539","-2649.3783359979","Thal"
"AGTCACAAGCCTCATA","1647.4616357853","-2313.03031122876","DG"
"AGTCATGTCACGGTCG","1846.3509593128","-1658.89727920388","Oligo"
"AGTCATGTCTTACGGA","2085.47313129319","-2405.43741422422","DG"
"AGTCTCCTCGTAGGAG","1059.37867539465","-2607.95333449253","Oligo"
"AGTGATCCAATGCAGG","1171.09980689864","-1897.15112164184","Oligo"
"AGTTAGCGTTACCCAA","1408.89529392685","-1526.80970985896","CA1"
"AGTTCCCTCAACCTTT","1458.10369919137","-2400.88565848918","DG"
"ATACCTTAGAGCCATG","1137.86702427927","-1520.59018164413","CA1"
"ATACCTTGTAGATTAG","1232.33819835396","-1522.46283032779","CA1"
"ATACTTCCACATCCCT","1692.22049579115","-1666.85763185763","CA1"
"ATACTTCTCAAACCTG","1965.07548662046","-2394.73134388555","DG"
"ATAGGCTAGGCAGGTT","1595.78241676436","-2366.99618545186","Astro"
"ATCACGAAGCAACAAT","1935.41607797263","-2494.39924729171","DG"
"ATCACTTAGCCTATCA","831.488190447929","-1393.05410984269","Oligo"
"ATCAGGTGTAGTGATA","1743.11472317843","-2691.62042192073","Thal"
"ATCCACCTCAGGAACG","1954.0263741345","-1873.85631056659","CA1"
"ATCCCTGCAAGAGATT","898.596887891967","-2091.80151639784","Oligo"
"ATCCTATAGCGAGGAG","2291.74951001946","-2249.25530990422","Oligo"
"ATCGATGCAATCCTTT","1809.36923004842","-1944.83763384791","Astro"
"ATCGATGGTCACTCGG","309.686127534089","-1931.0334319217","CA1"
"ATCGATGGTCAGCGTC","848.907063303709","-1411.54806092315","Oligo"
"ATCGATGTCTTCGTGC","2143.56988897779","-2463.14601855183","DG"
"ATCGGATAGTAACCTC","1278.90402422213","-2359.19659676032","DG"
"ATCGGCGCAATGCAGG","565.923332214012","-1664.23385026767","CA1"
"ATCGTAGAGTTGCCCG","1369.95450249956","-2381.8081562347","DG"
"ATCGTCCTCATTGGTG","1046.68321044588","-2231.05199223526","Astro"
"ATCGTGATCCGTGTGG","1333.60777151144","-1516.59068042224","CA1"
"ATCTTCAGTGGATGAC","2171.9163677023","-1972.07877380994","CA1"
"ATGACCAAGGTGCTGA","1834.08770730535","-1768.10747025106","CA1"
"ATGACCACAAGGAGTC","2211.36876984834","-2423.86287474179","DG"
"ATGCCTCCAACGTTAC","1109.26444690931","-2111.99626657378","DG"
"ATGCGATCACAACATC","1469.48805559875","-2803.19442484889","Astro"
"ATGGAGGTCCGTTGGG","900.904478425294","-1327.45661423646","Oligo"
"ATGGATCAGATTGATG","1640.37663122175","-2674.58593284876","Oligo"
"ATGGATCCATATTCGG","927.763036083658","-2236.81911538014","DG"
"ATGGGAGCATCGGTTA","1473.3565090473","-2208.31714791496","DG"
"ATGGGAGGTATTTCTC","2231.12369528329","-2091.24796652777","Endo"
"ATGGGAGTCCACGTGG","1052.42762721189","-1272.37018984552","Thal"
"ATGGGTTGTGTCATTG","941.641173973821","-2180.33820534708","DG"
"ATGGTTGAGCATCTTG","781.754043766102","-2732.39164616284","Thal"
"ATGGTTGTCTGATTCT","1568.07613246839","-1580.30502004311","CA1"
"ATGTCCCGTATAGGGC","939.627269634061","-2201.83317481524","DG"
"ATGTCTTAGATGCCGA","1495.46199761627","-2224.15959224892","DG"
"ATTACTCGTCGATTTG","779.931678299241","-2733.4666559897","Thal"
"ATTCACTGTGTACAGG","882.713507379722","-1943.07244429459","Astro"
"ATTCAGGAGTCATACC","1437.70694479293","-2224.33341717094","DG"
"ATTCAGGTCACTAGCA","2106.86760195607","-2513.8037561351","DG"
"ATTCATCGTTAAGACA","1622.2967097951","-2571.35690666161","Astro"
"ATTCATCTCCATCTCG","2053.18093507997","-1529.51361203119","Oligo"
"ATTCCCGAGCCATTTG","516.22928494608","-1742.036836333","CA1"
"ATTCCTAGTCAGACTT","559.192427294936","-2099.29587975763","Inhib"
"ATTCGTTCAGGCACTC","1280.44589919486","-1216.96554195719","Cortex"
"ATTCTACGTTCTCCCA","1178.6777334698","-1190.28981346904","Cortex"
"ATTCTTGCAATGTGGG","1075.64522380509","-1527.76907346008","CA1"
"ATTCTTGGTTAAGTCC","1026.77840069306","-2682.38440082445","Thal"
"ATTCTTGGTTGGCTAT","1020.99551142457","-1850.65173993181","Astro"
"ATTGTTCCACTCGATA","1792.70079749098","-1385.04426971174","Oligo"
"ATTTCTGGTGATTCAC","1633.656496514","-2403.79526622528","DG"
"CAACAACCACTATCCC","1268.43149739786","-2456.03542717017","Micro"
"CAACGATCACGCGGTT","606.185582547194","-2816.92285094203","Thal"
"CAAGAGGCACCTGCTT","1028.50032851651","-2773.61631529773","Thal"
"CAATGACGTTACCTTT","2099.3506361156","-1780.33228345714","Inhib"
"CAATGACTCTGGCCTT","1069.63466929413","-2337.40868065197","CA3"
"CAATTTCCATCGAAGG","898.224643347958","-1894.09163842388","Astro"
"CACAACACAAATGCTC","1146.37028998044","-2770.07884379709","Astro"
"CACAACACAACGCCCA","993.270840417158","-1273.39775369942","Cortex"
"CACACAATCGCATAGT","1583.50914035372","-2291.60739592746","DG"
"CACAGATAGGTTCTAC","1628.24573885747","-1422.2848015239","Oligo"
"CACAGATGTTGTGGAG","1713.61853438272","-2811.11920489649","Thal"
"CACCAAAAGATCACTC","2077.06970137124","-1897.93289916117","Inhib"
"CACCAAATCACTTGTT","1539.4743930324","-2276.16518002744","DG"
"CACCAAATCATCTACT","1432.46176359523","-2237.92777024413","DG"
"CACCGTTCACAACGCC","1771.38931653447","-1997.44151910038","Endo"
"CACCGTTTCAGGACGA","1888.12122057173","-1832.105756076","CA1"
"CACGAATCATAGCACT","1244.41758389448","-1521.45073715573","CA1"
"CACGAATCATCCGTTC","859.433883703356","-2338.91789039226","DG"
"CACGGGTCAACCTATG","1891.28800833169","-2483.05589391006","DG"
"CACGTGGAGATTGGGC","1197.70992467983","-1481.18236898689","Inhib"
"CACGTTCTCTCTCAAT","804.595787222289","-2290.93079428203","DG"
"CACTAAGTCCTACGGG","1373.38707969937","-2399.48277351993","DG"
"CACTAAGTCTTCACGC","1267.92839873288","-2151.70686039953","DG"
"CACTGAAGTAGCACGA","2054.80374603647","-1634.33732101382","Oligo"
"CACTGGGAGGAACATT","1107.75162492439","-1521.27657821605","CA1"
"CACTGGGCAGCGTATT","1828.18804507935","-1511.66446755396","Oligo"
"CACTGGGTCATGCTAG","436.40553516318","-1791.07094035409","CA1"
"CACTGTCAGGGTCAAC","1376.21322802306","-1533.72791055435","CA1"
"CAGATCAAGTCAACAA","2188.22468447549","-2460.35033132969","DG"
"CAGATTGAGTTACTCG","1705.67680834708","-2398.54740813527","DG"
"CAGATTGTCCTAGCTC","474.320128884846","-2314.95061282927","Astro"
"CAGCAATGTGAGGCAT","1621.64560484878","-2733.34000890922","Thal"
"CAGCACGAGGCCTTCG","1024.57287487354","-2242.909512442","DG"
"CAGCACGAGTTGTCAC","672.114656724065","-1886.24513120277","Astro"
"CAGGTATGTGGAACCA","982.651460706006","-2437.38237319299","CA3"
"CAGTTAGTCTCTGCCA","1801.68017799742","-2434.02802324103","DG"
"CATAAGCAGAGTCGAC","2227.90097447913","-2433.64882745446","DG"
"CATAAGCTCCCGATCT","2215.79697608092","-1974.45249572136","CA1"
"CATACTTTCGCAGTCG","1048.4416207893","-1458.36495664798","Oligo"
"CATAGACCAACGTAAA","1412.97185803267","-2231.15080308137","DG"
"CATAGACGTCACCCTT","1764.20966695705","-2348.95457833392","DG"
"CATCCACGTGAGGATC","1619.21066134854","-1362.08319838869","Oligo"
"CATCCACTCGGACTGC","857.209073374957","-2318.86139446151","DG"
"CATCCCACACTTGAGT","2091.71432548343","-1940.10627365817","CA1"
"CATCCGTCACTGAGTT","655.193187869939","-2595.19609817177","Oligo"
"CATCCGTCATTGAAAG","1288.73440499419","-2170.26773375766","DG"
"CATCGGGGTCACATTG","986.832685613085","-2751.1354572554","Oligo"
"CATCGGGGTCCCTCAT","1651.08922981451","-2439.64297477742","DG"
"CATCGGGGTGGGACAT","796.618484188215","-1310.99292876522","Astro"
"CATCGGGGTTGTATGC","1981.272949446","-2494.18880961793","DG"
"CATGAGTGTAGCGCCT","1784.8479821535","-2345.72120167222","DG"
"CATGCGGCACAGTGAG","737.429071262834","-2287.710911744","DG"
"CATGCGGGTGTCTTGA","2138.14444555024","-2507.27096531657","DG"
"CATGCTCAGCGAGAAA","1220.62527419942","-2366.03245380935","DG"
"CATTGCCCATGGTGGA","2200.12535340864","-2504.29893020055","DG"
"CATTGCCGTGCGGATA","1786.57458426648","-2316.25047950734","DG"
"CATTTCACACCCTGAG","800.074353081","-2303.04987359343","DG"
"CATTTCAGTTCTCACC","526.661115459549","-2670.22212996279","CA3"
"CCACAAATCAACTCTT","1109.96243942131","-1259.83640891268","Cortex"
"CCACACTGTGTAAATG","1500.95078796305","-2326.29550060744","CA3"
"CCATCACAGCTTGTTG","1741.62651005475","-2311.97606310365","DG"
"CCATCACCACGCGTCA","2147.77271605426","-2538.52876597912","DG"
"CCCGGAACAAGCAATA","1975.45402295996","-1653.60786865314","Oligo"
"CCCTAACAGATGGGCT","1082.38115277639","-1303.37189865625","Cortex"
"CCCTAACGTACCGTCG","2029.60766208042","-2809.81956892856","Endo"
"CCCTCAATCCTCATAT","1500.24049910114","-2332.478033648","Oligo"
"CCCTCTCAGTTTCAGC","1145.61931117657","-2187.73770149916","Astro"
"CCCTCTCTCATCAGTG","1363.52599618532","-2257.73294758304","Inhib"
"CCCTGATCAATTGCTG","1414.65840340391","-2355.76908879104","DG"
"CCCTTAGTCATGCGGC","740.309952415432","-2804.74651331299","Thal"
"CCGAACGGTCACAGAG","747.098393380515","-1623.78851124597","CA1"
"CCGAACGGTCTGTGCG","1529.74368890299","-2360.29612842929","DG"
"CCGATGGCATCCGGTG","1391.10020690323","-2386.70160542407","DG"
"CCGATGGGTCTACACA","2131.31101075054","-2431.55731613265","DG"
"CCGCAAGAGGCTCTCG","2098.96258222424","-1905.22333190986","Endo"
"CCGCAAGTCAATCCAG","1759.79546164592","-1682.15604861044","CA1"
"CCGGACACACTACAGT","625.420380139996","-1647.28641629168","Astro"
"CCGGGTAGTCCGGCAT","1004.26115921801","-2682.71199093197","Thal"
"CCGGTAGCAAGTCCAT","1239.405705807","-1550.55113894647","Oligo"
"CCGTAGGTCCACCTGT","536.525104208834","-2394.17820508066","Micro"
"CCGTGAGCAAAGCAAT","1416.44000216065","-2380.26041841813","DG"
"CCTAACCCAGAGATGC","941.800033273754","-1812.62416021237","Astro"
"CCTAACCTCCTACCAC","1247.32702151249","-2762.85606216748","Thal"
"CCTACGTGTGATAGAT","1854.33033907029","-2223.82798616598","Micro"
"CCTCACACATTGACAC","2201.20151674962","-1992.33593274148","CA1"
"CCTCACAGTAAGCAAT","1864.48370985737","-2937.13230468118","Astro"
"CCTCAGTAGCCTCCAG","1934.18488068137","-2739.83534890163","Thal"
"CCTCAGTAGCGATGAC","848.494860158755","-2548.59089942531","CA3"
"CCTCAGTCAATAACGA","1759.96731018872","-2330.81562751091","DG"
"CCTCCAACAACGACTT","870.651128028959","-1552.55488716543","CA1"
"CCTCTCCAGCGGTAGT","2227.16913279301","-2001.83305985322","CA1"
"CCTCTCCCAAGGTCGA","1765.0403103692","-2687.50569753015","Thal"
"CCTGCATGTTATTCCT","1319.2877958852","-1527.13140782739","CA1"
"CCTGCATTCAAGTAAG","2160.59782665145","-2376.24659440946","Astro"
"CCTTCAGGTCTCGGGT","1766.47391031887","-2209.96052127121","Micro"
"CCTTGTGAGGCTCTAT","1548.7107007631","-1589.8285259516","Inhib"
"CCTTGTGGTCGGAAAC","1219.71357686792","-2154.67545488929","DG"
"CCTTGTGGTGTATCCA","2129.530601662","-1918.49349920671","CA1"
"CCTTGTGGTTACCCAA","1876.12435831053","-2511.46318989821","DG"
"CCTTTGGAGATTGTGA","1051.98652527176","-2150.97396751065","DG"
"CCTTTGGAGGAGAGTA","2163.38944244193","-2480.33069355902","DG"
"CGAAGGATCTCACGAA","709.728540288051","-2381.39015203713","DG"
"CGAAGTTTCGCGTGCA","1135.70447206819","-2198.90914651636","Astro"
"CGACAGCCAGCAATTC","1877.81618753933","-2494.90776288213","DG"
"CGAGAAGCAAGACAAT","1748.60822389381","-1356.49743137137","Oligo"
"CGAGGAAGTCAAGCGA","1928.57627615463","-2868.28866326549","Thal"
"CGAGGCTCATGCGGTC","1488.36752000661","-1823.53577218718","Astro"
"CGAGTGCAGCTACGTT","1725.73287094497","-2414.13254951028","DG"
"CGAGTGCGTACGGTTT","966.788237131275","-1484.39889115589","Inhib"
"CGAGTTAAGAGCTTTC","1381.72267402916","-2216.92088793948","DG"
"CGATCGGAGACTCATC","1605.97608269598","-2370.28730258088","Astro"
"CGATGCGAGAGAGCGG","2130.29765512592","-2415.28945152279","DG"
"CGATGCGTCGCAGTTA","2060.76901794523","-2514.63844572525","DG"
"CGATGGCTCAGTGCGC","717.132337572662","-2587.28432175548","CA3"
"CGCAGGTGTCCAATCA","1421.85934825806","-2171.15559965966","DG"
"CGCCAGAAGATTTGCC","1625.9704386973","-1952.46099159324","Oligo"
"CGCCATTCAATTCACG","406.32051054196","-1816.68022977688","CA1"
"CGGAATTGTTAAGGAT","1790.94097388673","-1729.48676940507","CA1"
"CGGACACCATGCCGCA","1870.36006222565","-2355.92881082674","DG"
"CGGACACGTGTGCCTG","786.744559435942","-2309.97895594479","DG"
"CGGCAGTGTTGTCATG","1295.54796385586","-2666.7776718928","Astro"
"CGGGACTAGACTCCGC","1661.37688783068","-2395.29516596953","DG"
"CGGGACTCAACGACAG","585.883464092125","-2125.91614737284","Endo"
"CGGGACTTCGCACTCT","797.693275452727","-1681.53875979901","Micro"
"CGGGCATTCATGAGTC","873.05336487636","-2820.31235348927","Thal"
"CGGGTCACATGCGGTC","2045.67824483713","-2432.47757885771","DG"
"CGTGAATGTAGAATGT","1608.66370413123","-2373.86260582038","Astro"
"CGTGATATCACTTGTT","1657.10585352708","-1388.51898251332","Oligo"
"CGTGATATCTACCAGA","1696.66644100759","-2673.22126222793","Astro"
"CGTGCTTGTCACAATC","1155.02493694285","-2151.61127270733","DG"
"CGTGCTTGTGGCTTAT","829.218391331532","-2276.00129910936","DG"
"CGTGTCTCACCGTCTT","2130.44273134234","-2526.25365208801","DG"
"CGTGTCTTCATCCTAT","1942.43026501437","-1842.66177747481","CA1"
"CGTTAGATCATCGGGC","1772.31839912901","-2417.14818810636","DG"
"CGTTAGATCTTAGTTC","883.840188861019","-1563.41110585456","CA1"
"CTAACCCTCGAGGCAA","916.352242829404","-2290.07987004781","DG"
"CTACAGAAGCCTGACC","2301.13554844991","-2021.47973113291","CA1"
"CTACATTAGAACCGCA","2011.06485664931","-2444.21566576526","DG"
"CTACATTAGTCCTGTA","1674.70383233584","-2835.18607752254","Astro"
"CTACATTAGTTGTCGT","1220.36196505922","-1424.8736534463","Astro"
"CTACATTCAGACACAG","2236.37582503094","-2303.74542553069","Astro"
"CTACATTGTCCTTGTC","2152.71992508893","-1943.32924312738","CA1"
"CTACCCAGTTGGGTTT","1790.48471513613","-1273.85342771584","Oligo"
"CTACCTGGTCTCGGGT","1137.3351797164","-2664.77257174918","Endo"
"CTACCTGTCCGAGTGC","2158.56969611713","-2508.48983627266","DG"
"CTACGGGAGATGTTGA","1969.79874266194","-1854.54574038866","CA1"
"CTAGACACAACCGCCA","1797.31063673298","-1519.04833937687","Astro"
"CTAGACAGTGTCTTAG","1398.37585374567","-2187.45312804423","DG"
"CTAGGTAAGTGCAACG","800.25613030018","-2344.55454705995","DG"
"CTAGGTAGTCGACTGC","735.814658993694","-2598.45079409626","CA3"
"CTATCCGAGTCATCCA","1751.94329669725","-2025.85765106711","Oligo"
"CTCAACCCAAAGGCTG","1974.27578770495","-2777.27432522021","Astro"
"CTCAGAAAGAGTCTTC","2082.03986501977","-2258.93009759463","Inhib"
"CTCAGAAAGCCGAATG","2025.84788680955","-1917.66309919007","CA1"
"CTCCAACCAGAAATTG","862.693087790105","-2262.4226116116","DG"
"CTCCAACTCAACTGGT","1788.50035216531","-2451.79386508075","DG"
"CTCCAACTCATCACAG","964.610037015312","-2175.68260717072","DG"
"CTCCATGCATCTTAGG","2083.83412780477","-2641.22036927968","Micro"
"CTCCGATAGTCCGCCA","1547.51328616193","-1590.5815450786","CA1"
"CTCCTCCGTGTCCCTT","1458.90039839571","-2208.10182988442","DG"
"CTCCTCCGTTGTGCAT","1549.70117622227","-2266.72611601857","DG"
"CTCCTTTCAACTGTGT","888.709423278283","-2864.48233248102","Oligo"
"CTCCTTTGTTTGACAC","777.739797716062","-2818.90898230678","Thal"
"CTCGAGGAGCCTGAAG","647.544571793958","-1719.97250925081","Endo"
"CTCTGGTCAACTGCTA","1917.60782677114","-2405.66293982655","DG"
"CTGAATGCAGACTCTA","1701.74027191006","-1673.13869335712","CA1"
"CTGAATGGTTAGCGGA","526.792256026913","-2132.85472151639","Astro"
"CTGAATGTCAAAGGTA","1509.27739889789","-2362.54748049029","DG"
"CTGAGCGGTCCTGTTC","2190.39280771728","-2514.46316862535","DG"
"CTGATCCGTTGTCATG","1448.27686674972","-2354.27587745235","DG"
"CTGATCCTCAAGCGTT","1554.56435112904","-2383.71386953689","DG"
"CTGATCCTCACCCTGT","712.4412501838","-2400.42561550154","DG"
"CTGATCCTCGCGCCAA","1509.5866233268","-1585.40147536723","CA1"
"CTGCAGGGTACGTTCA","682.472855851125","-1637.95739591142","CA1"
"CTGCATCTCAAATAGG","1491.48085321206","-2627.79095832246","Endo"
"CTGCCATGTCCTGGGT","2105.64025932036","-1892.33905820457","CA1"
"CTGCCTACAGCGCTTG","1248.47737057243","-1482.58130588053","CA1"
"CTGCGAGAGCGCTGCT","1056.85474708971","-2207.94769271345","DG"
"CTGCTCACAAATAAGC","2077.51027202356","-1920.99622195699","CA1"
"CTGGACGAGAGTATAC","1593.46109460818","-2293.25579862047","DG"
"CTGGACGGTTACTCAG","2090.70806049013","-2154.20391189179","Oligo"
"CTGGACGGTTCATCTT","473.377815876543","-1755.46533702022","CA1"
"CTGGCAGTCATCTACT","375.237799273189","-1872.77064502868","CA1"
"CTGGTCTCACAAGCTT","1398.27921843736","-1538.18586494944","CA1"
"CTGTACCCAAGTCGTT","1307.60147260722","-1518.69773297742","CA1"
"CTGTACCGTAACATAG","700.298277108757","-2341.36784024061","DG"
"CTGTACCTCTAAGGAA","1263.1722728869","-2400.87671671704","DG"
"CTGTACCTCTATTCGT","702.520204599338","-1409.22056047424","Oligo"
"CTGTAGAGTACAACGG","1059.46108143414","-2164.14203872639","DG"
"CTGTCGTGTCTGCAAT","1142.31489355326","-2093.73600337988","DG"
"CTGTGGGAGTACAACA","961.011183315007","-2197.26369791334","DG"
"CTGTGGGCATACGCAT","2165.41746328799","-1773.79048884251","Oligo"
"CTGTGGGTCACAACCA","1700.24270985457","-2328.08191980035","DG"
"CTTACCGCACCGTGAC","1892.09849274106","-1667.13943439685","Oligo"
"CTTACCGTCTCCACTG","1568.04898858021","-1949.62718995997","Endo"
"CTTCAATCAGAGCTAG","1904.00371271008","-2257.52638003535","Endo"
"CTTCAATCATAGGTAA","1380.4265685807","-1491.29547867489","Astro"
"CTTCCGAGTTAGTTCG","1181.23580489725","-2170.16406248857","DG"
"CTTCGGTAGAGCCGAT","2215.48308392158","-1595.99423787607","Oligo"
"CTTCTAAGTACGATTC","1522.16632398552","-1546.72841733104","CA1"
"CTTCTAAGTTGACTGT","1666.38699593353","-2709.82137935381","Endo"
"CTTGATTGTAGGTAGC","1322.85920016553","-2194.5171311691","DG"
"GAACACTGTCCGATCG","1167.43982639491","-2436.46450422996","DG"
"GAACACTTCGCGAAGA","1566.08564823856","-1318.06637137756","Astro"
"GAACGTTTCATCTGTT","1832.46293548868","-2309.98368699182","Endo"
"GAACTGTTCCCGAACG","1450.98870333238","-2246.91311150352","Oligo"
"GAACTGTTCCGAGAAG","2082.94275724256","-1450.87040737097","Oligo"
"GAAGAATTCAGCGCAC","868.495448646045","-1573.96799137079","CA1"
"GAAGCGAAGCTGGAGT","1173.75791154867","-2412.91646878257","DG"
"GAAGGACAGTTTGTCG","1728.41794258449","-1721.24432732243","CA1"
"GAAGGGTTCATCGGGC","631.651137882206","-2246.93459596168","Micro"
"GAATCACCACCTCAGG","1339.23813553925","-1768.68252316882","Oligo"
"GAATCACTCCGAGTGC","506.299992439986","-2380.7268319547","Astro"
"GAATCGTCAAGCAGGT","1940.35129624956","-1831.2852530469","Astro"
"GAATCGTTCTTGGTGA","891.20771711406","-1797.59344521831","CA1"
"GACACGCGTGACTGTT","1045.3102794708","-1259.43145965706","Cortex"
"GACCAATAGAAGGATG","927.36237734828","-2493.60484688041","CA3"
"GACCAATAGGCTCTAT","833.59686586913","-2294.71357748263","DG"
"GACCCTTTCAGTGGGA","1512.1837748763","-2241.92083128225","DG"
"GACCTTCAGCCAAGCA","1840.98325626349","-2335.4476226176","DG"
"GACGTTAGTACTCCGG","1110.42975693527","-2122.90917933232","DG"
"GACGTTAGTAGGACCA","417.613828842155","-2016.98564180641","Inhib"
"GACGTTAGTCCCTGAG","1431.53293623612","-2356.73421165194","DG"
"GACTATGTCGGCGATC","916.918757477632","-1563.26744150005","CA1"
"GACTATGTCTCATTGT","1101.63374847573","-2340.57451530499","CA3"
"GACTCTCGTACGACTT","1398.37469689108","-2387.90678756158","DG"
"GAGAAATTCCCATTCG","1148.13373230597","-1777.31765629462","Astro"
"GAGACCCTCTGCGGAC","1586.61996774922","-1793.78191040578","Astro"
"GAGAGGTCACCGTCTT","1413.91698349982","-1340.94834169181","Astro"
"GAGAGGTCATCTATCT","1428.1475565731","-1527.68185490381","CA1"
"GAGATGGTCCTTATCA","1313.92858520534","-2189.33557573262","DG"
"GAGCCTGGTTAATGAG","1100.03899139561","-1988.05951243517","Astro"
"GAGCTGCGTCCTTGTC","789.628099343598","-1291.79143066319","Oligo"
"GAGGCCTAGTGCACAG","1467.1020174692","-1586.99476156332","Micro"
"GAGGGTAAGTTGGACG","886.212498621656","-2259.79525630176","DG"
"GAGTCATAGACGGTCA","1079.31043494589","-1532.55595196327","CA1"
"GAGTCTACACAAGCTT","1561.78439993415","-1203.25289440244","Astro"
"GAGTCTAGTGTGTTTG","709.219388484768","-1608.33390963971","CA1"
"GAGTGAGGTCATCCCT","708.21737031019","-2292.07715325207","DG"
"GAGTGTTCACATCATG","1729.78642585772","-2705.02429408213","Thal"
"GAGTGTTCAGAGTTCT","1123.34282295724","-2183.31391667279","DG"
"GAGTTACGTACTGACT","1103.508426927","-2478.09199736686","Astro"
"GAGTTGTCAATTAGGA","1281.41827837555","-2072.87799479998","Astro"
"GAGTTTGGTAGACAGC","1580.31126615649","-2421.49211503839","DG"
"GATAGAACAATTGCCA","349.231240329332","-2254.70534345607","Inhib"
"GATAGCTTCTAACGGT","891.755881004534","-2873.70355847044","Thal"
"GATCACACAACATCGT","1799.56052804005","-2353.88938781431","DG"
"GATCACATCAGGAGAC","1116.81960148972","-1535.38659738223","CA1"
"GATCACATCGTTCTAT","1185.93942756219","-1540.47826212658","CA1"
"GATCATGTCCTCAGGG","2028.3030558242","-2134.91565129805","Astro"
"GATCCCTCACATTGTG","2144.95800365169","-1944.40836873503","CA1"
"GATCCCTCATTCGATG","2243.6421595829","-2245.88371992046","Inhib"
"GATCCCTCATTGACCA","943.467200184287","-2568.29869471075","CA3"
"GATGAGGAGTTGGAGC","1270.71770803955","-1336.27587078368","Oligo"
"GATGCTAGTTAATCGC","1846.67596548199","-2349.3118119034","DG"
"GATGGAGCAAGCGATG","1567.40039736146","-2265.63590585822","DG"
"GATGTTGCAGGTCCCA","1864.59148013728","-2811.34883669033","Thal"
"GATTCGAAGCTAAATG","2043.58147605712","-2534.10352447358","DG"
"GATTCGACATGACAAA","1461.6474483635","-2670.52217061635","Oligo"
"GATTCTTAGATGAAGG","860.310146612613","-1883.60351477164","Oligo"
"GATTTCTAGAAGGATG","1941.21200783441","-1754.82793594268","Oligo"
"GCAACATGTGGACTGA","1843.36758998014","-2363.60960699174","DG"
"GCAACCGAGACGGATC","1231.58080834404","-1791.06029689728","Astro"
"GCACGGTTCATCACCC","756.578360280671","-2446.79252502154","Endo"
"GCACGTGGTGTACGCC","1516.82990589258","-2234.07321527763","DG"
"GCACTAAAGTAGGATT","1131.62753955423","-1512.99247107959","CA3"
"GCACTAACATGCAGGA","369.368140473508","-1751.95640707321","Inhib"
"GCAGCTGGTCCTTGTC","1353.95036219698","-2178.07413397898","DG"
"GCAGGCTGTTGCATTG","1311.23216166459","-2173.65690417724","DG"
"GCAGTTACAACACTAC","709.870741203189","-1354.47970801872","Micro"
"GCAGTTAGTCTGTGGC","1529.11033338331","-2362.35942664051","DG"
"GCATCGGCAACGAGGT","793.442306372049","-1602.85930211037","CA1"
"GCATCGGCAGACCAAG","2169.18278868922","-1948.19988312461","CA1"
"GCATCGGGTGTTTGCA","2064.96325827162","-2425.15052444661","DG"
"GCATCTCGTAATCAAG","2078.72203204117","-2532.7901377877","DG"
"GCATGATGTTGTCAGT","1731.43898245107","-1723.05061613513","CA1"
"GCATTAGCACTTCTCG","1433.81099905407","-2382.95070754161","DG"
"GCCAACGGTCAGGTAG","1441.91525642632","-1361.62820999645","DG"
"GCCAACGGTGACCGTC","1432.84764637619","-2227.97016000686","DG"
"GCCAGCAAGCAGCGAT","2297.52186986963","-1860.80740885841","Oligo"
"GCCAGTGTCTCTCTAA","1092.51068407408","-2519.69588932643","DG"
"GCCATGGGTACATACC","1226.22764730485","-1512.37646092329","CA1"
"GCCATTCCAGGACTAG","1468.83562397347","-2370.15381127123","DG"
"GCCCGAACATCCGGCA","798.873173147614","-2314.99206974902","DG"
"GCGATCGCAATTGAAG","892.000690840811","-2481.05713020052","CA3"
"GCGTGCAAGGTTTACC","1504.58351992993","-2370.25616501371","DG"
"GCGTGCAAGTAGATCA","1536.51857819642","-1549.88272259348","CA1"
"GCGTGCAGTACTGCGC","1208.90940475508","-1523.73525951968","CA1"
"GCGTTTCAGATAACGT","1248.89644541814","-1747.40998339906","Micro"
"GCTACAATCACACGAT","2011.09865946832","-2516.10637123076","DG"
"GCTGCAGGTTCGTGCG","1293.0527923532","-1275.63775531142","Cortex"
"GCTTCACAGGAAAGGT","1378.99371943782","-2122.05420720237","Oligo"
"GGAACCCCAAAGCACG","1964.23693323505","-2383.21329835406","DG"
"GGAACCCTCGAACGCC","1320.59697278158","-1766.82356845989","Oligo"
"GGAGCAAGTGTTCCTC","1621.34910553664","-2296.86490528582","DG"
"GGAGCAATCCCAGTGG","1528.70286900427","-2390.15276623882","DG"
"GGAGCAATCCGACAGC","2083.83827548465","-2508.04676759626","DG"
"GGAGGATGTGCAACGA","887.664685841257","-2211.46809046189","DG"
"GGATGTTCAGAAGCGT","1351.2636471695","-1205.26390481967","Endo"
"GGCAGTCCACTGAGTT","1238.16055133967","-2660.93623649647","Thal"
"GGCTGTGGTACGCTAT","758.696583480248","-2584.74620287495","CA3"
"GGCTTGGCAAGCTCTA","2096.22753066443","-1919.61232456936","CA1"
"GGCTTGGGTTATTCCT","1733.44668317473","-2469.00569969162","Oligo"
"GGCTTTCCACGCTTAA","1308.04132182273","-2131.76797552175","DG"
"GGGAAGTGTTGGTGTT","1586.64468688594","-2296.13005951978","DG"
"GGGACCTAGGGCTGAT","2015.3925008508","-2437.25222297911","DG"
"GGGAGATTCACACCGG","1940.87389291075","-1338.0908196885","Endo"
"GGGAGTAAGCGACATG","1663.61906542088","-2378.8419195049","Astro"
"GGGAGTAGTAGTCGGA","1519.71979406754","-1191.30798220176","Cortex"
"GGGATCCCACCAGACC","1482.44270490428","-1847.6124365976","DG"
"GGGCGTTCACCATTCC","1283.6657029908","-2169.13024486522","DG"
"GGGCGTTCAGAGACTG","1633.63278457073","-1645.02634153229","CA1"
"GGGCTCACAAACTCGT","1712.35426633978","-2612.1327470139","Cortex"
"GGGTATTTCAGCACCG","1154.23431056087","-2206.10503021374","Inhib"
"GGGTCACGTATGGGAC","1360.8248082118","-2926.19838704116","Thal"
"GGGTGAAAGGTTCATC","1334.63757751329","-2401.88406354681","DG"
"GGGTGAAAGTCGTTAC","1126.30001638605","-2559.7454931213","DG"
"GGGTGAACATCTCCCA","1813.20069157416","-2910.0903770322","Thal"
"GGGTGTCCACACGTGC","797.347985636349","-2821.06011717966","Thal"
"GGGTGTCTCTCCCTAG","2140.44614184575","-1942.17526687634","CA1"
"GGTAACTCAGGTGTGA","1779.25921432537","-1450.30221353553","Oligo"
"GGTAATCAGTGGTTGG","1014.29927416545","-2157.5240693646","DG"
"GGTAATCCAATTGAGA","2137.36072734486","-1914.26978129288","CA1"
"GGTAATCCAGGCGTTC","810.212562705198","-2339.16009617128","DG"
"GGTAGAGAGCGCACAA","1183.2827925522","-2791.21759137413","Thal"
"GGTCACGCAATGCAGG","1030.67621192971","-2175.61500825993","DG"
"GGTCTGGGTTTCCATT","1289.03925181779","-2694.00225788947","Thal"
"GGTCTGGTCCCATAAG","1402.41836704491","-2194.29340453003","DG"
"GGTGATTGTAGAGATT","1499.32472553491","-2220.44155011095","DG"
"GGTGATTTCGCTACAA","1720.00676990923","-2414.54171726016","DG"
"GGTGGCTGTAGTGGCA","1369.98729914462","-1357.52712177218","Endo"
"GGTGTTACAGCGCTTG","626.247747300608","-1678.98283270261","CA1"
"GGTTGTAAGGAGTATT","1498.5283959082","-1553.77117538371","CA1"
"GTAACACGTGGAACCA","1334.908826164","-2183.84398472177","DG"
"GTAACACTCTTCACGC","1576.85309164521","-1595.52995787421","CA1"
"GTAACCAAGCCGATCC","1050.26363551569","-2152.33531351687","DG"
"GTAAGTCAGGGAGGGT","1496.36237172143","-2232.68365213492","DG"
"GTAAGTCCAGTCGGTC","911.317632214546","-1572.37857489904","CA1"
"GTAAGTCTCGCAGTCG","1275.81580214996","-2676.29636020483","Oligo"
"GTAATCGGTCGCTGCA","2233.13692469044","-2013.53040110527","CA1"
"GTAATGCTCGATTCCC","1991.77694611638","-2531.25940502688","DG"
"GTAGAGGAGCATGTTC","1853.4401970348","-2237.42898531152","Astro"
"GTAGATCAGTCAGCCC","1344.50368755904","-2778.55772320308","Thal"
"GTAGATCGTGACACGA","1993.66917559587","-2539.49243321394","DG"
"GTAGGTTTCAGTGTGT","1625.01463293523","-2377.15502537482","DG"
"GTATTGGTCATCGCCT","1571.02559022034","-1604.68512454038","CA1"
"GTATTGGTCTTCGATT","1557.99455024007","-1598.30596053091","CA1"
"GTATTTCGTAAGATCA","1045.30403627952","-2231.85208508902","DG"
"GTCACGGGTGTCATTG","1187.09630327563","-2678.70486076957","Thal"
"GTCAGCGAGCCTCAGC","989.210731510057","-1543.20524641378","CA1"
"GTCATCCAGACGACGT","1257.64252146234","-2621.14623758264","Oligo"
"GTCATGAAGCTGTTCA","843.612777656002","-2323.39222183249","DG"
"GTCATGACAACGAGGT","1474.92106631664","-1381.73078410784","Oligo"
"GTCATTTAGGCCACTC","572.403466300917","-1683.15510869945","CA1"
"GTCCACTAGCACACAG","1502.07824984299","-2219.7556582956","DG"
"GTCCCATCACTATCCC","1055.1304375649","-1524.30739249957","CA1"
"GTCCCATGTGCTATTG","1099.27902137767","-2210.20310458866","Astro"
"GTCCTCAAGTTCATGC","543.246936652122","-1677.48337982901","CA1"
"GTCGAATCAATAAGGT","1639.07304143335","-2258.69797106624","DG"
"GTCGAATGTGGATTTC","2250.72263933484","-1883.28086184815","Endo"
"GTCGAATGTGTTACAC","1691.54499490595","-2899.69843847757","Oligo"
"GTCGCGAGTTTCGACA","2055.22105309991","-1889.94312253287","CA1"
"GTCGCGATCTCTCGAC","1355.14245429985","-2781.81490890979","Thal"
"GTCGTTCGTCCACAGC","1536.71541614963","-1417.18924984319","Oligo"
"GTCTACCAGCTTTCTT","1466.93407067915","-1579.58856765948","CA1"
"GTCTACCGTCGTGTTA","759.390981036838","-2393.05070615958","DG"
"GTCTACCTCCCATTCG","680.309695720999","-1628.8605579924","CA1"
"GTCTGTCAGTGAGCCA","1129.69564455115","-2444.72908434184","DG"
"GTCTGTCTCCCGAATA","952.941323148971","-1697.36558879777","Oligo"
"GTGAGTTGTCCGGTCA","885.560008645093","-1431.27120254085","Oligo"
"GTGATGTAGATGCCGA","690.91642842181","-2325.62699495032","DG"
"GTGATGTCAAACTCTG","740.613499737039","-1342.18021247531","Oligo"
"GTGCTGGCACCGGAAA","1635.50305000052","-2422.49569526238","DG"
"GTGCTGGCATACATCG","894.031496246494","-1327.22905037143","Astro"
"GTGCTGGGTGCATTAC","1356.82277709761","-2162.54382277008","DG"
"GTGCTTCAGTTCGCAT","1092.10752471412","-1545.39744914022","CA1"
"GTGCTTCCATATCGGT","709.482476449018","-2069.14236457048","Inhib"
"GTGGAAGAGCAGGCTA","1732.18914060227","-2334.02898089409","DG"
"GTGGAAGCAGAGGCAT","1587.63220280733","-2728.13169918431","Oligo"
"GTGGAGACACTAGAGG","519.16261197289","-2757.13820672885","Oligo"
"GTGGGAACAAGCACAG","1553.87849211323","-2406.59310328155","DG"
"GTGTAACTCAGGACAG","778.458813272676","-2325.938722802","DG"
"GTGTAACTCTAGTACG","1643.06664698607","-2310.06663090579","DG"
"GTGTGATGTAGGTAGC","1113.85450060164","-2150.24941932081","DG"
"GTGTTCCGTTTACCAG","1943.55990149293","-2499.58018437707","DG"
"GTTACAGTCCATCGTC","1893.91519828585","-2403.2052671302","Inhib"
"GTTACAGTCGGAAGGT","682.583155241829","-1635.82979561101","CA1"
"GTTAGTGAGCTAGTTC","1773.55523852223","-2457.45967319907","DG"
"GTTCATTTCTGGGCCA","1017.52594379769","-1526.43348484666","Inhib"
"GTTCGCTCACTCACTC","1247.8491098495","-2368.27469237372","DG"
"GTTGCTCTCCGCCTAT","467.466741291027","-2119.37516466477","Micro"
"GTTGTCCCACCGTCTT","1095.98847201566","-2577.2932321369","DG"
"GTTGTCCTCACCTGTC","1952.4627351754","-2539.35264588346","DG"
"GTTGTGATCTTCCCAG","600.794367756051","-2847.09418607493","Thal"
"GTTTACTAGGTAAGTT","746.713915767157","-2342.18092205907","DG"
"GTTTGGAGTTGGGTAG","917.831024905649","-1223.16261834788","Cortex"
"TAACGACAGTCTACCA","871.147580349351","-2244.99367433969","DG"
"TAAGCACCAATTGGTC","1225.12089439922","-2437.80791542472","DG"
"TAAGCACTCCTCATAT","1481.56306374555","-2223.31271267093","DG"
"TAAGCCACAGTCGCTG","616.115565861438","-1944.4018780522","Astro"
"TAAGCCAGTGTATCCA","776.04061877381","-2753.26016452247","Oligo"
"TACAGGTGTTGCATGT","2060.42374984886","-1908.63084923449","CA1"
"TACAGGTTCGTGGCTG","665.752382526411","-2118.17774658862","Oligo"
"TACATTCAGGGAGTGG","958.943225686002","-1562.24656990081","CA1"
"TACCCACCATGGGATG","1785.11810989944","-1529.4915794938","Oligo"
"TACCCACGTACGCGTC","1666.30140678502","-1399.74485065015","Astro"
"TACCCGTCACAATGAA","1791.231191524","-1707.11734126696","CA1"
"TACCCGTCATCTGGGC","1970.11261741622","-1761.83058431268","Endo"
"TACCGAAGTGGCTTAT","1838.70467297127","-1784.25631104288","CA1"
"TACCGGGGTTAGGCTT","1761.54605540011","-2125.17610595178","Oligo"
"TACCGGGGTTGGAGAC","1496.61392342323","-1348.13139277769","Oligo"
"TACCTCGCATACCAGT","1775.07568513978","-1403.94344542029","Oligo"
"TACCTCGGTCGTCAGC","1364.81137181398","-1502.49759941319","CA1"
"TACCTCGGTTAGGACG","806.431497110032","-2280.673724307","DG"
"TACCTGCTCATGGATC","780.326824200777","-2370.31121439281","DG"
"TACGCTCTCGATACGT","1923.31827259203","-2517.7329611293","DG"
"TACGGTAAGCAAGTGC","1391.51677278118","-1542.86645703011","CA1"
"TACGTCCAGATAACGT","450.969448665023","-1751.59851904018","CA1"
"TACGTCCAGCCGAACA","2032.35551465982","-2445.56636326027","DG"
"TACTGCCGTAGTTAGA","1765.54166580577","-1707.47052717101","CA1"
"TACTGCCTCACCTTGC","525.692171205502","-1712.14726823653","CA1"
"TACTGCCTCATGCCGG","1641.77998966233","-2291.56514523367","DG"
"TACTTCACATTGAGGG","1296.48259909366","-1505.2443528148","CA1"
"TACTTCAGTCCGGCAT","1945.82511091212","-2269.08012645656","Oligo"
"TAGACCAAGAGTACCG","904.53341548715","-2238.60135190914","DG"
"TAGACTGAGTTCATCG","644.395608364636","-1650.4005882778","CA1"
"TAGAGTCAGGCAGGGA","710.854261075132","-1610.91827079609","CA1"
"TAGAGTCCAAACTGCT","1350.99324745337","-2911.24282415965","Thal"
"TAGAGTCGTTGTTGAC","707.380955282234","-1599.64157549277","CA1"
"TAGATCGAGAAGAGCA","1652.73724279411","-2421.52498871835","DG"
"TAGGAGGTCGCTTGAA","1452.65722669321","-1966.70023548464","Inhib"
"TAGGTACCAGTACTAC","1648.79135264525","-2119.92350804861","Micro"
"TAGGTACCATACCACA","1614.54215780474","-2392.26680533643","DG"
"TAGGTACTCCGACAGC","1251.9137123031","-1497.80118331048","CA1"
"TAGTGCAAGGTTTACC","2073.96227053331","-2724.8480367443","Oligo"
"TATATCCGTGATGTAA","1746.82253517082","-2216.34540557878","Oligo"
"TATCAGGGTCCTGTCT","2081.89009969651","-1664.77222522937","Oligo"
"TATCCTAGTTGCCAAT","1809.24649210927","-2319.85498231584","DG"
"TATCGCCAGGACAAGA","1126.21153782745","-2671.60056681842","Oligo"
"TATCGCCGTGCCTGAC","1086.06677881812","-2678.18169186436","Oligo"
"TATGTTCCAAGATCCT","1194.27654030868","-1916.90342508442","Oligo"
"TATGTTCCAGTCGAGA","1858.97942432113","-2493.41939839705","DG"
"TATGTTCCATGGCTGC","1884.08711539975","-2723.18296143071","Thal"
"TATTCCAAGATAACAC","1877.13143844103","-2493.3366278598","DG"
"TATTGGGGTATACCCA","1299.2545411766","-2121.57664107646","Inhib"
"TATTTCGAGACTTCGT","736.436101935863","-2322.3574000676","DG"
"TATTTCGCACAAAGTA","721.444663131063","-2327.91604562257","DG"
"TCAAGACTCCGTCAAA","2050.19851948337","-2135.14531847746","Micro"
"TCAAGCATCATAGCAC","1929.67821074453","-2045.65646865646","Astro"
"TCAAGTGAGATAACGT","2045.21706708214","-1703.29476886792","Oligo"
"TCAAGTGCAGACTCTA","1857.09749546513","-2467.14555044707","DG"
"TCAATCTGTAGTCTTG","1408.2797699792","-2373.14604089492","DG"
"TCAATTCAGAGCAACC","1004.7912412535","-2176.0958108496","DG"
"TCAATTCCATCCAACA","1333.81630463723","-1355.41938310281","Astro"
"TCAATTCGTCCTACGG","1319.03021932103","-1765.60507324058","Oligo"
"TCACACCGTGACTGAG","1252.55370559173","-1367.23139868718","Oligo"
"TCACGCTCAATGGCCC","536.910186250245","-2641.68297616641","CA3"
"TCACTATCACCAGGTC","1488.41526965903","-2220.73576197048","DG"
"TCAGCCTCAACAGCTT","1695.26608886538","-2821.93469222511","Astro"
"TCAGGGCAGACAACAT","954.645443528013","-2266.56420421177","DG"
"TCAGTCCGTTCGAGCC","2040.53244056112","-2551.01708383795","DG"
"TCAGTCCGTTGGCCGT","1673.37616437525","-1650.09057518259","CA1"
"TCAGTTTTCCAGCAAT","1348.98854363941","-1516.45539110485","CA1"
"TCAGTTTTCGTTCTGC","2069.52758963171","-2508.31705138528","DG"
"TCATACTAGGTTACCT","823.290164460719","-2293.78966819137","DG"
"TCATACTAGTTGGGAC","1234.76953331027","-2116.71723445753","DG"
"TCATACTCATCCTAAG","1712.52072353372","-2405.45005514576","DG"
"TCATACTTCCCAATAG","1958.90776581287","-2494.20322732712","DG"
"TCATATCAGTAGTCAA","1812.03834902804","-1416.62503558047","Oligo"
"TCATCATTCATGCAGT","820.16435896039","-2499.02505116114","CA3"
"TCATCCGGTGCTTCAA","1054.05958626691","-1220.41725870826","Cortex"
"TCATGCCTCAAGTCTG","2266.05681232776","-2013.69396004958","CA1"
"TCATGCCTCACTGGTA","2214.66517911337","-2417.9175766286","DG"
"TCATTCAAGTTGAAGT","1771.964571234","-2405.54855717228","DG"
"TCATTGTAGAAATGGG","1319.53590841266","-1184.50047203275","Cortex"
"TCATTTGAGACCAGAC","1140.71392284685","-2147.57951537775","DG"
"TCATTTGAGGTTCCGC","1001.33733938266","-2989.13883986265","Astro"
"TCCACGTAGCCTCCAG","600.470342407609","-1664.15300361281","CA1"
"TCCCAGTGTAAGGAGA","982.821686452375","-1528.10849241669","CA1"
"TCCGAAAGTTCAGCTA","1781.2457801978","-2317.32243265048","DG"
"TCCGATCTCTGAACGT","1443.53850151387","-1297.87670179686","Oligo"
"TCCGATCTCTGCTTAT","2022.08666806463","-2556.30022438637","DG"
"TCCGGGACATACTGTG","1455.19835221233","-2133.62821797532","Oligo"
"TCCGTGTTCAGCTGAT","583.591545432143","-2425.54343751595","Inhib"
"TCCTAATTCCGCAAAT","1182.79195261316","-2120.02827144583","DG"
"TCCTCTTTCGTTCTAT","1050.3891316352","-2143.09074620834","DG"
"TCCTGCACAGCAGACA","1807.74653827694","-2455.95965245245","DG"
"TCCTTCTCATTAAGCC","1848.40552177885","-1846.18644257165","Endo"
"TCGAACACATCCTAAG","1976.15905712264","-2781.46345050942","Astro"
"TCGAAGTTCTAGTGTG","2147.06044452992","-2507.63414703559","DG"
"TCGAAGTTCTGCGTCT","1848.92984169735","-2471.83964233031","DG"
"TCGACCTAGGCCTAAG","1617.21346204693","-2420.59813511626","DG"
"TCGACCTCAGGCAATG","1471.07357931778","-2412.86736633851","DG"
"TCGACCTGTCATCCCT","951.772926916139","-1547.14118470117","CA1"
"TCGACGGGTGCTATTG","1154.0562725447","-2165.65215113263","DG"
"TCGCACTCAACAGAGC","906.092268295711","-2226.51177542174","DG"
"TCGCACTGTGGTCTGC","1838.24346044955","-1607.48995598867","Oligo"
"TCGCACTTCATGAGAA","1294.35360938789","-2732.0969879563","Oligo"
"TCGCAGGCACAAGGTG","1336.30755424037","-1401.10887209741","Astro"
"TCGCTCAAGACCATAA","1727.35468723667","-1711.41349174085","CA1"
"TCGGGCAGTATCGAGG","1928.78692572776","-2165.55251738757","Astro"
"TCGTAGAGTATCGTTG","2293.01657807624","-2133.93102265377","Endo"
"TCGTCCAAGCGAGTCA","906.015825936766","-1570.92853179559","CA1"
"TCGTCCATCTCGTTTA","2099.54654506695","-1635.50010850664","Oligo"
"TCGTGCTCAAGATTGA","1556.12109751115","-2363.92148054018","DG"
"TCGTGCTCATACCGTA","1830.04746266375","-2477.32656611916","DG"
"TCGTGCTGTTCGGACC","1948.45366900432","-2760.67934570094","Thal"
"TCTAACTCACAAGGTG","957.441701690717","-2267.87481209673","DG"
"TCTAACTGTCTATGAC","1164.41851899812","-2179.06422528836","Astro"
"TCTAACTTCCTGCTAC","1777.40064420823","-1511.97095811372","Endo"
"TCTATACAGCTACAAA","2056.25065065002","-1920.85773863698","CA1"
"TCTATACAGGGTACGT","1183.43889629166","-2150.64688448536","Endo"
"TCTATCACAGGCATGA","869.339154367707","-1555.45216336042","CA1"
"TCTCACGAGGTCGTAG","940.549267043287","-1555.54383264493","CA1"
"TCTCAGCCAACCGCTG","1998.45991430582","-2506.69654346591","DG"
"TCTGCCAGTGTGTTTG","749.011576442029","-1934.87829483882","Oligo"
"TCTGGCTAGTAGACAT","2174.80550082422","-1971.22468581721","CA1"
"TCTTAGTTCCCGATCT","1010.74480569666","-2770.73239953852","Thal"
"TCTTCCTAGTAAGACT","844.586487159398","-2686.83455006514","Oligo"
"TGAATCGTCATCTACT","1686.2072597744","-1646.53934171651","CA1"
"TGAATGCCATGCAGGA","1087.39353735854","-2902.99986709408","Oligo"
"TGAATGCTCTTACGGA","925.16735192304","-2206.89866434001","DG"
"TGACCCTAGGACAAGA","1405.58603431655","-2402.1772770516","DG"
"TGACCCTGTCCGGACT","1702.52462163492","-1708.4580564907","CA1"
"TGACCCTTCATACGAC","2274.13318525826","-2012.16219848827","CA1"
"TGACGCGCAATCTGCA","1056.02544941976","-2210.00134596022","DG"
"TGAGACTAGAGGCGTT","1628.020575131","-1562.71160334015","Micro"
"TGAGACTTCAGTGTGT","1282.37543495493","-1495.41984670411","CA1"
"TGAGCATTCTCGACGG","1737.24439120421","-2408.53359889497","DG"
"TGAGGGACAAGCGAAC","2003.20320242573","-1537.42249033476","Oligo"
"TGAGTCATCTCAAAGC","930.579598326363","-2217.22997012676","DG"
"TGATCAGCAGAGGCTA","1232.6545227653","-2365.33106693982","DG"
"TGATCTTCAAGCACAG","1370.69952690916","-2202.88163443638","DG"
"TGATCTTTCTGTAAGC","1354.51983176781","-2190.11652019542","DG"
"TGATGCACACCTTCGT","727.059501194356","-2809.75105459893","Thal"
"TGATGCATCCAACCGG","1122.90088537038","-1886.81944756854","Astro"
"TGATGGTTCGTTGTGA","1973.83027455646","-2513.96054267129","DG"
"TGATGGTTCTCCTGAC","1963.92616211178","-1833.71603844878","CA1"
"TGATTCTCACATTCTT","1158.77810246669","-2653.59407848157","Thal"
"TGATTCTGTTAACAGA","660.942255106646","-2382.78024438437","DG"
"TGATTTCCAAGTCCCG","1323.81822244069","-1274.34705307148","DG"
"TGCAGATAGGCTCACC","2221.96107667911","-2482.31432400177","DG"
"TGCAGATCATAACAGA","1756.05187479515","-1726.7622183515","CA1"
"TGCAGGCGTGTTCCAA","1027.33272015475","-1547.64960378318","Endo"
"TGCAGGCTCTATCACT","2294.24466468192","-1985.33628739549","Oligo"
"TGCAGTAGTTAGAAAC","843.065920566443","-2266.87240891803","DG"
"TGCATCCAGCCAGACA","517.063523004775","-1718.68968607981","CA1"
"TGCATCCAGTCTCGTA","1400.3740637545","-2691.57807506157","Thal"
"TGCATCCGTAGATTGA","1847.46647938796","-2276.47899635162","Oligo"
"TGCATCCTCAAGTGGG","1173.61398407447","-2096.54079405962","DG"
"TGCATCCTCCATGATG","1242.02137024969","-2097.83262920517","DG"
"TGCATCCTCGGTGAAG","1313.44313712174","-2253.21773882609","Oligo"
"TGCATGACAACATACC","2150.22123607494","-2441.2668082994","DG"
"TGCGACGGTACGGGAT","1404.83446217468","-2181.2806406858","DG"
"TGCGACGTCCACCCTA","1307.67850896921","-2454.24987305809","Endo"
"TGCGATATCCGCGGAT","2080.00396092635","-1932.53278612531","CA1"
"TGCTCCATCGATACGT","1329.8137349134","-1340.19731477146","Astro"
"TGCTCGTTCAGGAACG","1241.08210559128","-2795.18644921371","Astro"
"TGGAACTCATCATTTC","1255.9820534587","-2162.29324995128","DG"
"TGGAGAGGTCGAGTGA","1887.5575203789","-1812.48214100497","CA1"
"TGGAGAGGTTCAAACC","2054.02432109271","-2785.57064117208","Inhib"
"TGGAGGACAGCAGAAC","1337.85840119809","-2188.37098895179","DG"
"TGGATCACACCGTACG","1259.48321207763","-2619.01120459612","Thal"
"TGGATCATCACGACTA","830.882331003335","-1553.1594814709","CA1"
"TGGATGTCAGAAGCTG","916.376278909851","-2759.55362570304","Thal"
"TGGCGTGCACCCTGTT","2006.68024316878","-2427.65192039836","DG"
"TGGGAAGCATGTTCAG","975.847585784638","-2311.34331908523","CA3"
"TGGGAGAAGATACCAA","1956.12241633773","-2407.75876908658","DG"
"TGGGAGAAGCACGGAT","785.355513248622","-2286.24617295978","DG"
"TGGGCGTCACTATCGA","1547.91573298479","-1537.95405201049","Cortex"
"TGGGCGTGTTCTTGCC","676.712610460605","-1611.54738516008","CA1"
"TGGGCGTTCCAATGCA","1684.54046989794","-2442.16857699674","DG"
"TGGGCTGCAGGTTCAT","1353.92617870735","-2741.21018536822","Thal"
"TGGTAGTGTGTGAATA","1469.29344894419","-1355.83309520598","Oligo"
"TGGTGATAGTCACGCC","1066.33647308883","-1546.00255982645","CA1"
"TGGTGATGTACAAAGT","2341.21375386463","-2180.23589718163","Endo"
"TGGTTAGAGTGGTTAA","1196.02836753318","-2428.58386315726","DG"
"TGTACAGAGGACCCAA","1409.5823006032","-1503.12890075732","CA1"
"TGTCCTGAGCTGTTAC","1811.24008035485","-1416.55076982047","Astro"
"TGTGATGGTCGGCACT","1986.04206183332","-2426.00013659964","DG"
"TGTGATGGTGGTTCTA","1223.21160095304","-2136.23054310504","DG"
"TGTGGCGAGCATGCGA","1750.00365682775","-1699.52192662059","CA1"
"TGTTACTTCCACACCT","1485.92774177203","-2231.71553440114","DG"
"TGTTCATGTTTGAAAG","1241.31508981629","-2094.98382608604","DG"
"TGTTGGACAATTTCGG","960.234439863239","-2622.12715531832","Oligo"
"TTAATCCAGCAGTAAT","1493.96874187828","-2666.16389984271","Thal"
"TTACCATAGCGACATG","730.407504192413","-2328.22292857006","DG"
"TTACCATCACCCTAGG","1800.74688168863","-1715.00078581459","CA1"
"TTACCATGTCGGCTAC","343.140968783965","-1892.12326866725","CA1"
"TTACCGCGTGACAACG","1035.41898758373","-2149.83572298785","DG"
"TTACGCCGTGTGGTCC","1152.96402941426","-2174.41748394829","DG"
"TTAGGGTTCGTAGAGG","1195.95788228095","-2211.56603298848","Inhib"
"TTATTGCTCGTTCCTG","1784.65910771508","-2309.29158063621","Astro"
"TTCAATCCACGACGTC","565.525153289524","-2627.44077549449","CA3"
"TTCACCGTCGTCCATC","787.600040899854","-2565.65152003176","CA3"
"TTCACGCGTTACCTTT","754.259135230451","-1459.27533758639","Micro"
"TTCAGGATCAATCCGA","1381.84944319919","-1687.11049821023","Oligo"
"TTCATGTAGAGGATCC","1977.07227535254","-1573.04863100366","Oligo"
"TTCCAATCATGCTGCG","2148.28886709456","-2409.78166978172","DG"
"TTCCAATTCGTGAGAG","2070.9430435082","-1813.73007379486","Oligo"
"TTCCTCTTCTATCACT","1667.64215347398","-1856.57219385977","Astro"
"TTCGATTCATAAGATG","2049.47012578526","-1725.30516580795","Oligo"
"TTCGATTGTGCGAGTA","1429.43477799112","-2006.31990265791","Endo"
"TTCGGTCCAGGTGTGA","1284.95371391388","-2175.02353561546","DG"
"TTCTAGTCAGCTGAAG","469.553451472654","-2674.47445091792","CA3"
"TTGAACGAGATGGCAC","534.710264337493","-1711.32807542202","CA1"
"TTGACCCGTTTCCCAC","1535.60086020932","-2231.74847873697","DG"
"TTGAGTGAGCTACTGT","1497.96899393764","-2085.24718506276","Endo"
"TTGAGTGAGGAACTAT","1138.8743355338","-1508.38577819591","CA1"
"TTGAGTGCAGATAAAC","1658.55862593187","-2275.62199838726","DG"
"TTGATGGAGCAGAAAG","1192.07004203702","-2180.86506086574","DG"
"TTGATGGTCTGGGTCG","616.393182914419","-1611.68908410245","Inhib"
"TTGCATTCACACGGAA","1798.10956599917","-1888.66825980319","Endo"
"TTGCCTGAGGAACGCT","984.574780145672","-2797.00241841563","Oligo"
"TTGCCTGTCAGTGATC","323.252083294491","-1860.70409365371","CA1"
"TTGGATGTCTTACGTT","1000.0606366462","-2427.41005122519","CA3"
"TTGGGATAGTGGATAT","1886.44705853705","-1975.287172284","Endo"
"TTGGGATTCACGTCCT","1898.6407041386","-2392.06499645092","DG"
"TTGGGCGGTAGGATAT","1187.1998566598","-2133.41492880832","DG"
"TTGGGCGGTGGATCGA","485.038364015572","-2242.81617018912","Endo"
"TTGTGGATCGGTCTAA","953.721412912615","-2231.64088089923","DG"
"TTGTTCACAGAGTCAG","1121.5973460978","-2174.08462770496","DG"
"TTGTTGTAGCACGGAT","1832.28965735482","-1766.25258596092","CA1"
"TTGTTTGGTTCCAGGC","1918.80900903687","-1868.74999840361","CA1"
"TTTACCATCCGAAATC","1015.72865829974","-1273.77014229081","Cortex"
"TTTACGTCAATAGTCC","2007.90463448356","-1903.98381745714","CA1"
"TTTACTGCAAATGGTA","1063.64994078639","-1545.57366195339","CA1"
"TTTAGTCTCTTGGATG","2102.85469715914","-2490.73932214675","DG"
"TTTATGCCAACCAACT","1180.04689705289","-1490.61383699032","CA1"
"TTTCCTCAGAGTCGAC","1941.50440127458","-1874.83350277332","CA1"
"TTTCGATAGCGTGTTT","2116.65814848189","-2492.69079950351","DG"
"TTTCGATAGTATGGAT","1115.48103734494","-2105.61513544668","DG"
"TTTGACTGTTGCAAGG","1863.9970265849","-2406.39393515692","DG"
"TTTGATCGTGTGCTTA","1564.22385103901","-2058.78334213228","Oligo"
"TTTGGAGAGACCACGA","687.162379548984","-1635.57253398871","CA1"
"TTTGGTTAGCGAACTG","1320.7044344777","-1509.90980510303","CA1"
"TTTGGTTCAAGGATGC","1844.98442529692","-2492.72020737659","DG"
"TTTGGTTTCCCATAGA","701.324230084025","-2338.83842597624","DG"
